Tanggal;Terinfeksi;Sembuh;Meninggal;Total Kasus;Removed;Died
02/03/2021;1351;8024;197;9572;268;3
02/04/2021;1103;8452;202;9757;428;5
02/05/2021;1103;8452;202;9757;0;0
02/06/2021;1227;8591;203;10021;139;1
02/07/2021;1293;8597;206;10096;6;3
02/08/2021;1249;8719;207;10175;122;1
02/09/2021;1249;8719;207;10175;0;0
02/10/2021;982;9136;208;10326;417;1
02/11/2021;995;9275;215;10485;139;7
02/12/2021;890;9516;216;10622;241;1
2/13/2021;1003;9520;216;10739;4;0
2/14/2021;1003;9520;216;10739;0;0
2/15/2021;1108;9613;218;10939;93;2
2/16/2021;875;10021;224;11120;408;6
2/17/2021;988;10064;225;11277;43;1
2/18/2021;988;10064;225;11277;0;0
2/19/2021;897;10314;228;11439;250;3
2/20/2021;861;10410;228;11499;96;0
2/21/2021;946;10434;229;11612;24;1
2/22/2021;1055;10434;233;11722;0;4
2/23/2021;1055;10434;233;11722;0;0
2/24/2021;1049;10784;241;12074;350;8
2/25/2021;1205;10846;242;12293;62;1
2/26/2021;1187;11054;242;12483;208;0
2/27/2021;1187;11054;242;12483;0;0
2/28/2021;1319;11141;244;12704;87;2
03/01/2021;1379;11219;244;12842;78;0
03/02/2021;1166;11556;246;12968;337;2
03/03/2021;1183;11664;246;13093;108;0
03/04/2021;1183;11664;246;13093;0;0
03/05/2021;1198;11929;251;13378;265;5
03/06/2021;1143;12071;251;13465;142;0
03/07/2021;1192;12110;253;13555;39;2
03/08/2021;1192;12110;253;13555;0;0
03/09/2021;1204;12288;255;13747;178;2
03/10/2021;1276;12295;255;13826;7;0
03/11/2021;978;12683;255;13916;388;0
03/12/2021;978;12683;255;13916;0;0
3/13/2021;943;12947;257;14147;264;2
3/14/2021;906;13062;258;14226;115;1
3/15/2021;958;13102;260;14320;40;2
3/16/2021;1002;13126;262;14390;24;2
3/17/2021;1002;13126;262;14390;0;0
3/18/2021;867;13457;265;14589;331;3
3/19/2021;854;13541;265;14660;84;0
3/20/2021;905;13553;266;14724;12;1
3/21/2021;905;13553;266;14724;0;0
3/22/2021;735;13842;267;14844;289;1
3/23/2021;778;13855;268;14901;13;1
3/24/2021;743;13953;268;14964;98;0
3/25/2021;715;14048;268;15031;95;0
3/26/2021;715;14048;268;15031;0;0
3/27/2021;618;14270;269;15157;222;1
3/28/2021;693;14285;271;15249;15;2
3/29/2021;717;14333;271;15321;48;0
3/30/2021;717;14333;271;15321;0;0
3/31/2021;679;14494;271;15444;161;0
04/01/2021;694;14538;273;15505;44;2
04/02/2021;720;14614;273;15607;76;0
04/03/2021;759;14614;273;15646;0;0
04/04/2021;759;14614;273;15646;0;0
04/05/2021;671;14779;279;15729;165;6
04/06/2021;720;14800;280;15800;21;1
04/07/2021;638;14932;280;15850;132;0
04/08/2021;638;14932;280;15850;0;0
04/09/2021;665;15011;282;15958;79;2
04/10/2021;715;15041;283;16039;30;1
04/11/2021;746;15068;284;16098;27;1
04/12/2021;746;15068;284;16098;0;0
4/13/2021;660;15268;285;16213;200;1
4/14/2021;679;15304;285;16268;36;0
4/15/2021;718;15327;286;16331;23;1
4/16/2021;752;15355;286;16393;28;0
4/17/2021;752;15355;286;16393;0;0
4/18/2021;755;15538;286;16579;183;0
4/19/2021;669;15686;286;16641;148;0
4/20/2021;708;15744;291;16743;58;5
4/21/2021;708;15744;291;16743;0;0
4/22/2021;758;15781;291;16830;37;0
4/23/2021;794;15788;291;16873;7;0
4/24/2021;629;16024;292;16945;236;1
4/25/2021;694;16028;292;17014;4;0
4/26/2021;694;16028;292;17014;0;0
4/27/2021;777;16051;294;17122;23;2
4/28/2021;723;16187;294;17204;136;0
4/29/2021;623;16389;294;17306;202;0
4/30/2021;623;16389;294;17306;0;0
05/01/2021;792;16414;295;17501;25;1
05/02/2021;833;16415;297;17545;1;2
05/03/2021;840;16442;298;17580;27;1
05/04/2021;895;16446;300;17641;4;2
05/05/2021;895;16446;300;17641;0;0
05/06/2021;872;16593;301;17766;147;1
05/07/2021;913;16635;303;17851;42;2
05/08/2021;707;16935;304;17946;300;1
05/09/2021;707;16935;304;17946;0;0
05/10/2021;656;17087;305;18048;152;1
05/11/2021;605;17191;305;18101;104;0
05/12/2021;622;17246;306;18174;55;1
5/13/2021;687;17252;307;18246;6;1
5/14/2021;687;17252;307;18246;0;0
5/15/2021;798;17261;309;18368;9;2
5/16/2021;745;17341;317;18403;80;8
5/17/2021;621;17512;317;18450;171;0
5/18/2021;621;17512;317;18450;0;0
5/19/2021;514;17776;323;18613;264;6
5/20/2021;517;17821;324;18662;45;1
5/21/2021;464;17969;326;18759;148;2
5/22/2021;464;17969;326;18759;0;0
5/23/2021;496;18064;326;18886;95;0
5/24/2021;496;18064;326;18886;0;0
5/25/2021;439;18284;336;19059;220;10
5/26/2021;439;18284;336;19059;0;0
5/27/2021;439;18284;336;19059;0;0
5/28/2021;516;18449;341;19306;165;5
5/29/2021;554;18489;342;19385;40;1
5/30/2021;546;18555;342;19443;66;0
5/31/2021;546;18555;342;19443;0;0
06/01/2021;666;18567;342;19575;12;0
06/02/2021;686;18596;344;19626;29;2
06/03/2021;763;18613;348;19724;17;4
06/04/2021;688;18787;351;19826;174;3
06/05/2021;688;18787;351;19826;0;0
06/06/2021;756;18892;355;20003;105;4
06/07/2021;739;19000;358;20097;108;3
06/08/2021;851;19002;358;20211;2;0
06/09/2021;851;19002;358;20211;0;0
06/10/2021;894;19205;361;20460;203;3
06/11/2021;984;19224;363;20571;19;2
06/12/2021;1102;19256;365;20723;32;2
6/13/2021;1188;19309;366;20863;53;1
6/14/2021;1188;19309;366;20863;0;0
6/15/2021;1375;19385;367;21127;76;1
6/16/2021;1130;19781;369;21280;396;2
6/17/2021;1182;19890;370;21442;109;1
6/18/2021;1182;19890;370;21442;0;0
6/19/2021;1480;20007;372;21859;117;2
6/20/2021;1684;20019;374;22077;12;2
6/21/2021;1699;20219;377;22295;200;3
6/22/2021;1876;20271;378;22525;52;1
6/23/2021;1876;20271;378;22525;0;0
6/24/2021;1994;20550;381;22925;279;3
6/25/2021;2127;20591;381;23099;41;0
6/26/2021;2246;20697;416;23359;106;35
6/27/2021;2246;20697;416;23359;0;0
6/28/2021;2587;20978;436;24001;281;20
6/29/2021;2846;21028;452;24326;50;16
6/30/2021;2834;21302;477;24613;274;25
07/01/2021;2834;21302;477;24613;0;0
07/02/2021;2949;21800;546;25295;498;69
07/03/2021;3176;21836;583;25595;36;37
07/04/2021;3517;21842;617;25976;6;34
07/05/2021;3329;22352;645;26326;510;28
07/06/2021;3329;22352;645;26326;0;0
07/07/2021;3909;22639;673;27221;287;28
07/08/2021;4093;22840;690;27623;201;17
07/09/2021;4276;23044;699;28019;204;9
07/10/2021;4276;23044;699;28019;0;0
07/11/2021;4946;23112;740;28798;68;41
07/12/2021;4839;23411;745;28995;299;5
7/13/2021;5134;23445;753;29332;34;8
7/14/2021;5373;23494;782;29649;49;29
7/15/2021;5373;23494;782;29649;0;0
7/16/2021;6169;23636;821;30626;142;39
7/17/2021;6606;23734;835;31175;98;14
7/18/2021;6833;23734;879;31446;0;44
7/19/2021;6833;23734;879;31446;0;0
7/20/2021;6550;24651;1017;32218;917;138
7/21/2021;6780;24749;1067;32596;98;50
7/22/2021;6545;25276;1104;32925;527;37
7/23/2021;7295;25446;1110;33851;170;6
7/24/2021;7295;25446;1110;33851;0;0
7/25/2021;8203;25491;1171;34865;45;61
7/26/2021;8431;25544;1191;35166;53;20
7/27/2021;8694;25716;1220;35630;172;29
7/28/2021;8694;25716;1220;35630;0;0
7/29/2021;8938;26323;1236;36497;607;16
7/30/2021;8983;26771;1238;36992;448;2
7/31/2021;8855;27218;1258;37331;447;20
08/01/2021;8855;27218;1258;37331;0;0
08/02/2021;7296;29354;1268;37918;2136;10
08/03/2021;7062;29765;1275;38102;411;7
08/04/2021;6851;30181;1286;38318;416;11
08/05/2021;6416;30749;1300;38465;568;14
08/06/2021;6416;30749;1300;38465;0;0
08/07/2021;6342;31287;1316;38945;538;16
08/08/2021;6425;31399;1318;39142;112;2
08/09/2021;5558;32349;1325;39232;950;7
08/10/2021;5558;32349;1325;39232;0;0
08/11/2021;5660;32514;1338;39512;165;13
08/12/2021;5468;32857;1344;39669;343;6
8/13/2021;5088;33314;1345;39747;457;1
8/14/2021;5155;33360;1345;39860;46;0
8/15/2021;5155;33360;1345;39860;0;0
8/16/2021;3936;34905;1359;40200;1545;14
8/17/2021;4013;34941;1359;40313;36;0
8/18/2021;1631;37430;1360;40421;2489;1
8/19/2021;1631;37430;1360;40421;0;0
8/20/2021;1691;37521;1367;40579;91;7
8/21/2021;1811;37537;1376;40724;16;9
8/22/2021;1877;37548;1377;40802;11;1
8/23/2021;2103;37552;1377;41032;4;0
8/24/2021;2103;37552;1377;41032;0;0
8/25/2021;2136;37695;1383;41214;143;6
8/26/2021;2188;37713;1388;41289;18;5
8/27/2021;1978;37981;1389;41348;268;1
8/28/2021;1978;37981;1389;41348;0;0
8/29/2021;2083;37981;1391;41455;0;2
8/30/2021;2079;38047;1394;41520;66;3
8/31/2021;2129;38048;1396;41573;1;2
09/01/2021;2020;38240;1398;41658;192;2
09/02/2021;2020;38240;1398;41658;0;0
09/03/2021;625;39732;1404;41761;1492;6
09/04/2021;629;39777;1404;41810;45;0
09/05/2021;645;39795;1404;41844;18;0
09/06/2021;645;39795;1404;41844;0;0
09/07/2021;601;39915;1410;41926;120;6
09/08/2021;599;39977;1410;41986;62;0
09/09/2021;590;40036;1410;42036;59;0
09/10/2021;590;40036;1410;42036;0;0
09/11/2021;532;40170;1411;42113;134;1
09/12/2021;492;40240;1411;42143;70;0
9/13/2021;496;40248;1418;42162;8;7
9/14/2021;510;40257;1418;42185;9;0
9/15/2021;510;40257;1418;42185;0;0
9/16/2021;510;40257;1418;42185;0;0
9/17/2021;428;40449;1419;42296;192;1
9/18/2021;416;40485;1419;42320;36;0
9/19/2021;416;40485;1419;42320;0;0
9/20/2021;396;40530;1419;42345;45;0
9/21/2021;364;40572;1419;42355;42;0
9/22/2021;306;40635;1419;42360;63;0
9/23/2021;315;40650;1419;42384;15;0
9/24/2021;315;40650;1419;42384;0;0
9/25/2021;178;40803;1419;42400;153;0
9/26/2021;184;40809;1419;42412;6;0
9/27/2021;131;40868;1419;42418;59;0
9/28/2021;131;40868;1419;42418;0;0
9/29/2021;108;40908;1419;42435;40;0
9/30/2021;110;40917;1421;42448;9;2
10/01/2021;105;40933;1421;42459;16;0
10/02/2021;116;40933;1421;42470;0;0
10/03/2021;116;40933;1421;42470;0;0
10/04/2021;95;40968;1421;42484;35;0
10/05/2021;95;40977;1421;42493;9;0
10/06/2021;83;40992;1422;42497;15;1
10/07/2021;83;40992;1422;42497;0;0
10/08/2021;103;41003;1422;42528;11;0
10/09/2021;100;41009;1422;42531;6;0
10/10/2021;95;41019;1422;42536;10;0
10/11/2021;99;41022;1422;42543;3;0
10/12/2021;99;41022;1422;42543;0;0
10/13/2021;102;41033;1422;42557;11;0
10/14/2021;100;41042;1422;42564;9;0
10/15/2021;99;41052;1422;42573;10;0
10/16/2021;99;41052;1422;42573;0;0
10/17/2021;100;41063;1422;42585;11;0
10/18/2021;93;41074;1422;42589;11;0
10/19/2021;70;41106;1422;42598;32;0
10/20/2021;70;41106;1422;42598;0;0
10/21/2021;72;41114;1422;42608;8;0
10/22/2021;105;41118;1422;42645;4;0
10/23/2021;124;41119;1422;42665;1;0
10/24/2021;140;41123;1422;42685;4;0
10/25/2021;140;41123;1422;42685;0;0
10/26/2021;144;41146;1422;42712;23;0
10/27/2021;163;41150;1422;42735;4;0
10/28/2021;185;41156;1422;42763;6;0
10/29/2021;185;41156;1422;42763;0;0
10/30/2021;291;41173;1422;42886;17;0
10/31/2021;364;41176;1422;42962;3;0
11/01/2021;391;41192;1422;43005;16;0
11/02/2021;359;41241;1422;43022;49;0
11/03/2021;359;41241;1422;43022;0;0
11/04/2021;450;41261;1422;43133;20;0
11/05/2021;481;41277;1422;43180;16;0
11/06/2021;471;41303;1422;43196;26;0
11/07/2021;471;41303;1422;43196;0;0
11/08/2021;430;41389;1422;43241;86;0
11/09/2021;264;41568;1422;43254;179;0
11/10/2021;254;41583;1422;43259;15;0
11/11/2021;259;41588;1422;43269;5;0
11/12/2021;259;41588;1422;43269;0;0
11/13/2021;203;41663;1422;43288;75;0
11/14/2021;136;41736;1422;43294;73;0
11/15/2021;106;41773;1422;43301;37;0
11/16/2021;106;41773;1422;43301;0;0
11/17/2021;72;41819;1422;43313;46;0
11/18/2021;93;41821;1422;43336;2;0
11/19/2021;81;41835;1422;43338;14;0
11/20/2021;71;41848;1422;43341;13;0
11/21/2021;71;41848;1422;43341;0;0
11/22/2021;57;41872;1422;43351;24;0
11/23/2021;55;41880;1422;43357;8;0
11/24/2021;66;41881;1422;43369;1;0
11/25/2021;66;41881;1422;43369;0;0
11/26/2021;49;41910;1422;43381;29;0
11/27/2021;50;41914;1422;43386;4;0
11/28/2021;51;41916;1422;43389;2;0
11/29/2021;51;41916;1422;43389;0;0
11/30/2021;46;41928;1423;43397;12;1
12/01/2021;47;41929;1423;43399;1;0
12/02/2021;48;41936;1423;43407;7;0
12/03/2021;48;41936;1423;43418;0;0
12/04/2021;48;41936;1423;43418;0;0
12/05/2021;43;41965;1423;43431;29;0
12/06/2021;43;41966;1423;43432;1;0
12/07/2021;34;41975;1423;43432;9;0
12/08/2021;34;41975;1423;43432;0;0
12/09/2021;54;41976;1423;43453;1;0
12/10/2021;60;41980;1423;43463;4;0
12/11/2021;57;41989;1423;43469;9;0
12/12/2021;50;42005;1423;43478;16;0
12/13/2021;50;42005;1423;43478;0;0
12/14/2021;58;42009;1423;43490;4;0
12/15/2021;64;42010;1423;43497;1;0
12/16/2021;64;42020;1423;43507;10;0
12/17/2021;64;42020;1423;43507;0;0
12/18/2021;65;42039;1423;43527;19;0
12/19/2021;62;42044;1423;43529;5;0
12/20/2021;57;42051;1423;43531;7;0
12/21/2021;53;42062;1423;43538;11;0
12/22/2021;53;42062;1423;43538;0;0
12/23/2021;45;42073;1423;43541;11;0
12/24/2021;38;42080;1423;43541;7;0
12/25/2021;35;42088;1423;43546;8;0
12/26/2021;35;42088;1423;43546;0;0
12/27/2021;20;42106;1423;43549;18;0
12/28/2021;18;42108;1423;43549;2;0
12/29/2021;25;42108;1423;43556;0;0
12/30/2021;25;42108;1423;43556;0;0
12/31/2021;21;42118;1423;43562;10;0
01/01/2022;22;42118;1423;43563;0;0
01/02/2022;21;42120;1423;43564;2;0
01/03/2022;21;42120;1423;43564;0;0
01/04/2022;21;42120;1423;43564;0;0
01/05/2022;19;42126;1423;43568;6;0
01/06/2022;21;42128;1423;43572;2;0
01/07/2022;19;42132;1423;43574;4;0
01/08/2022;19;42132;1423;43574;0;0
01/09/2022;17;42137;1423;43577;5;0
01/10/2022;14;42140;1424;43578;3;1
01/11/2022;19;42140;1424;43583;0;0
01/12/2022;21;42141;1424;43586;1;0
1/13/2022;21;42141;1424;43586;0;0
1/14/2022;30;42146;1424;43600;5;0
1/15/2022;34;42149;1424;43607;3;0
1/16/2022;38;42150;1424;43612;1;0
1/17/2022;38;42150;1424;43612;0;0
1/18/2022;56;42155;1424;43635;5;0
1/19/2022;69;42155;1424;43648;0;0
1/20/2022;88;42156;1424;43668;1;0
1/21/2022;108;42162;1424;43694;6;0
1/22/2022;108;42162;1424;43694;0;0
1/23/2022;143;42175;1424;43742;13;0
1/24/2022;147;42187;1424;43758;12;0
1/25/2022;183;42193;1425;43801;6;1
1/26/2022;183;42193;1425;43801;0;0
1/27/2022;183;42193;1425;43801;0;0
1/28/2022;336;42221;1426;43983;28;1
1/29/2022;448;42248;1426;44122;27;0
1/30/2022;501;42271;1426;44198;23;0
1/31/2022;501;42271;1426;44198;0;0
02/01/2022;682;42321;1426;44429;50;0
02/02/2022;793;42335;1426;44554;14;0
02/03/2022;1067;42384;1426;44877;49;0
02/04/2022;1067;42384;1426;44877;0;0
02/05/2022;1436;42514;1427;45377;130;1
02/06/2022;1802;42626;1427;45855;112;0
02/07/2022;1913;42741;1427;46081;115;0
02/08/2022;1913;42741;1427;46081;0;0
02/09/2022;3072;42915;1427;47414;174;0
02/10/2022;3372;43184;1429;47985;269;2
02/11/2022;3829;43189;1429;48447;5;0
02/12/2022;4569;43306;1429;49304;117;0
2/13/2022;4569;43306;1429;49304;0;0
2/14/2022;5333;43901;1430;50664;595;1
2/15/2022;6072;44307;1433;51812;406;3
2/16/2022;6846;44710;1434;52990;403;1
2/17/2022;6846;44710;1434;52990;0;0
2/18/2022;8656;45621;1436;55713;911;2
2/19/2022;9319;46321;1436;57076;700;0
2/20/2022;9638;47008;1436;58082;687;0
2/21/2022;9797;47760;1436;58993;752;0
2/22/2022;9797;47760;1436;58993;0;0
2/23/2022;11397;49340;1438;62175;1580;2
2/24/2022;12735;49737;1442;63914;397;4
2/25/2022;12918;51191;1443;65552;1454;1
2/26/2022;12918;51191;1443;65552;0;0
2/27/2022;12842;53857;1445;68144;2666;2
2/28/2022;12149;55065;1447;68661;1208;2
03/01/2022;11423;56417;1448;69288;1352;1
03/02/2022;11634;57493;1451;70578;1076;3
03/03/2022;11634;57493;1451;70578;0;0
03/04/2022;11682;59770;1452;72904;2277;1
03/05/2022;11486;61364;1452;74302;1594;0
03/06/2022;10652;63176;1453;75281;1812;1
03/07/2022;10652;63176;1453;75281;0;0
03/08/2022;9435;66496;1454;77385;3320;1
03/09/2022;9221;67677;1454;78352;1181;0
03/10/2022;9514;68190;1457;79161;513;3
03/11/2022;9514;68190;1457;79161;0;0
03/12/2022;8619;70345;1459;80423;2155;2
3/13/2022;7741;71672;1460;80873;1327;1
3/14/2022;7445;72313;1462;81220;641;2
3/15/2022;6588;73728;1463;81779;1415;1
3/16/2022;6588;73728;1463;81779;0;0
3/17/2022;6186;75095;1466;82747;1367;3
3/18/2022;5451;76276;1468;83195;1181;2
3/19/2022;4668;77213;1470;83351;937;2
3/20/2022;4668;77213;1470;83351;0;0
3/21/2022;2723;79581;1472;83776;2368;2
3/22/2022;2725;79890;1472;84087;309;0
3/23/2022;2299;80522;1472;84293;632;0
3/24/2022;2321;80694;1472;84487;172;0
3/25/2022;2321;80694;1472;84487;0;0
3/26/2022;2033;81396;1473;84902;702;1
3/27/2022;1727;81799;1473;84999;403;0
3/28/2022;1481;82126;1473;85080;327;0
3/29/2022;1481;82126;1473;85080;0;0
3/30/2022;1377;82482;1473;85332;356;0
3/31/2022;1161;82794;1474;85429;312;1
04/01/2022;1032;82986;1474;85492;192;0
04/02/2022;941;83168;1474;85583;182;0
04/03/2022;941;83168;1474;85583;0;0
04/04/2022;716;83470;1475;85661;302;1
04/05/2022;653;83581;1475;85709;111;0
04/06/2022;656;83639;1475;85770;58;0
04/07/2022;656;83639;1475;85770;0;0
04/08/2022;496;83892;1475;85863;253;0
04/09/2022;433;83991;1475;85899;99;0
04/10/2022;400;84053;1475;85928;62;0
04/11/2022;366;84124;1475;85965;71;0
04/12/2022;366;84124;1475;85965;0;0
4/13/2022;372;84199;1475;86046;75;0
4/14/2022;334;84266;1475;86075;67;0
4/15/2022;320;84304;1475;86099;38;0
4/16/2022;320;84304;1475;86099;0;0
4/17/2022;254;84402;1475;86131;98;0
4/18/2022;224;84448;1475;86147;46;0
4/19/2022;212;84481;1475;86168;33;0
4/20/2022;212;84481;1475;86168;0;0
4/21/2022;199;84545;1475;86219;64;0
4/22/2022;181;84583;1475;86239;38;0
4/23/2022;189;84583;1475;86247;0;0
4/24/2022;199;84583;1475;86257;0;0
4/25/2022;199;84583;1475;86257;0;0
4/26/2022;129;84665;1475;86257;82;0
4/27/2022;129;84677;1475;86281;12;0
4/28/2022;122;84701;1475;86298;24;0
4/29/2022;122;84701;1475;86298;0;0
4/30/2022;94;84747;1475;86316;46;0
05/01/2022;79;84765;1475;86319;18;0
05/02/2022;74;84770;1475;86319;5;0
05/03/2022;63;84783;1475;86321;13;0
05/04/2022;63;84783;1475;86321;0;0
05/05/2022;49;84805;1475;86329;22;0
05/06/2022;31;84823;1475;86329;18;0
05/07/2022;23;84836;1475;86334;13;0
05/08/2022;23;84836;1475;86334;0;0
05/09/2022;26;84844;1475;86345;8;0
05/10/2022;36;84844;1475;86355;0;0
05/11/2022;44;84844;1475;86363;0;0
05/12/2022;44;84851;1475;86370;7;0
5/13/2022;44;84851;1475;86370;0;0
5/14/2022;54;84853;1475;86382;2;0
5/15/2022;58;84854;1475;86387;1;0
5/16/2022;58;84855;1475;86388;1;0
5/17/2022;58;84855;1475;86388;0;0
5/18/2022;53;84869;1475;86397;14;0
5/19/2022;52;84883;1475;86410;14;0
5/20/2022;53;84887;1476;86416;4;1
5/21/2022;52;84893;1476;86421;6;0
5/22/2022;52;84893;1476;86421;0;0
5/23/2022;40;84906;1476;86422;13;0
5/24/2022;36;84916;1476;86428;10;0
5/25/2022;42;84918;1476;86436;2;0
5/26/2022;42;84918;1476;86436;0;0
5/27/2022;45;84928;1476;86449;10;0
5/28/2022;48;84932;1476;86456;4;0
5/29/2022;46;84943;1476;86465;11;0
5/30/2022;46;84943;1476;86465;0;0
5/31/2022;65;84947;1476;86488;4;0
06/01/2022;72;84949;1476;86497;2;0
06/02/2022;73;84951;1476;86500;2;0
06/03/2022;78;84954;1476;86508;3;0
06/04/2022;78;84954;1476;86508;0;0
06/05/2022;73;84978;1476;86527;24;0
06/06/2022;69;84985;1476;86530;7;0
06/07/2022;77;84993;1476;86546;8;0
06/08/2022;77;84993;1476;86546;0;0
06/09/2022;83;85012;1476;86571;19;0
06/10/2022;80;85023;1476;86579;11;0
06/11/2022;84;85029;1476;86589;6;0
06/12/2022;83;85040;1476;86599;11;0
6/13/2022;83;85040;1476;86599;0;0
6/14/2022;87;85052;1476;86615;12;0
6/15/2022;107;85058;1476;86641;6;0
6/16/2022;108;85072;1476;86656;14;0
6/17/2022;108;85072;1476;86656;0;0
6/18/2022;119;85096;1476;86691;24;0
6/19/2022;131;85103;1476;86710;7;0
6/20/2022;145;85113;1476;86734;10;0
6/21/2022;158;85123;1476;86757;10;0
6/22/2022;158;85123;1476;86757;0;0
6/23/2022;199;85147;1476;86822;24;0
6/24/2022;216;85170;1476;86862;23;0
6/25/2022;248;85184;1476;86908;14;0
6/26/2022;158;85184;1476;86757;0;0
6/27/2022;297;85215;1476;86988;31;0
6/28/2022;317;85231;1476;87024;16;0
6/29/2022;329;85261;1476;87066;30;0
6/30/2022;345;85295;1476;87116;34;0
07/01/2022;345;85295;1476;87116;0;0
07/02/2022;373;85363;1476;87212;68;0
07/03/2022;377;85410;1476;87263;47;0
07/04/2022;355;85457;1476;87288;47;0
07/05/2022;355;85457;1476;87288;0;0
07/06/2022;407;85525;1477;87409;68;1
07/07/2022;440;85564;1477;87481;39;0
07/08/2022;475;85597;1477;87549;33;0
07/09/2022;475;85597;1477;87549;0;0
07/10/2022;452;85703;1477;87632;106;0
07/11/2022;415;85761;1477;87653;58;0
07/12/2022;454;85812;1477;87743;51;0
7/13/2022;516;85830;1477;87823;18;0
7/14/2022;516;85830;1477;87823;0;0
7/15/2022;545;85943;1478;87966;113;1
7/16/2022;597;86022;1478;88097;79;0
7/17/2022;607;86084;1478;88169;62;0
7/18/2022;607;86084;1478;88169;0;0
7/19/2022;682;86175;1478;88335;91;0
7/20/2022;802;86194;1478;88474;19;0
7/21/2022;917;86194;1478;88589;0;0
7/22/2022;927;86281;1478;88686;87;0
7/23/2022;927;86281;1478;88686;0;0
7/24/2022;951;86438;1479;88868;157;1
7/25/2022;951;86438;1479;88868;0;0
7/26/2022;946;86625;1479;89050;187;0
7/27/2022;946;86625;1479;89050;0;0
7/28/2022;1082;86706;1480;89268;81;1
7/29/2022;1137;86756;1481;89374;50;1
7/30/2022;1133;86879;1481;89493;123;0
7/31/2022;1076;87005;1481;89562;126;0
08/01/2022;1076;87005;1481;89562;0;0
08/02/2022;1102;87224;1481;89807;219;0
08/03/2022;1149;87326;1481;89956;102;0
08/04/2022;1206;87403;1481;90090;77;0
08/05/2022;1206;87403;1481;90090;0;0
08/06/2022;1246;87592;1481;90319;189;0
08/07/2022;1124;87788;1481;90393;196;0
08/08/2022;1071;87911;1481;90463;123;0
08/09/2022;1071;87911;1481;90463;0;0
08/10/2022;1164;88106;1481;90751;195;0
08/11/2022;1226;88174;1481;90881;68;0
08/12/2022;995;88525;1481;91001;351;0
8/13/2022;982;88648;1481;91111;123;0
8/14/2022;982;88648;1481;91111;0;0
8/15/2022;899;88896;1481;91276;248;0
8/16/2022;948;88966;1481;91395;70;0
8/17/2022;1007;89041;1481;91529;75;0
8/18/2022;1007;89041;1481;91529;0;0
8/19/2022;908;89341;1481;91730;300;0
8/20/2022;923;89444;1481;91848;103;0
8/21/2022;910;89543;1481;91934;99;0
8/22/2022;859;89677;1481;92017;134;0
8/23/2022;859;89677;1481;92017;0;0
8/24/2022;1061;89834;1481;92376;157;0
8/25/2022;1120;89946;1481;92547;112;0
8/26/2022;1098;90092;1481;92671;146;0
8/27/2022;1098;90092;1481;92671;0;0
8/28/2022;1117;90275;1481;92873;183;0
8/29/2022;1081;90383;1481;92945;108;0
8/30/2022;1081;90383;1481;92945;0;0
8/31/2022;1275;90471;1482;93228;88;1
09/01/2022;1122;90738;1482;93342;267;0
09/02/2022;1122;90738;1482;93342;0;0
09/03/2022;1026;91069;1484;93579;331;2
09/04/2022;939;91214;1484;93637;145;0
09/05/2022;892;91345;1484;93721;131;0
09/06/2022;892;91345;1484;93721;0;0
09/07/2022;953;91478;1484;93315;133;0
09/08/2022;863;91648;1484;93995;170;0
09/09/2022;831;91773;1484;94088;125;0
09/10/2022;773;91890;1484;94147;117;0
09/11/2022;773;91890;1484;94147;0;0
09/12/2022;647;92098;1484;94229;208;0
9/13/2022;659;92177;1484;94320;79;0
9/14/2022;675;92242;1484;94401;65;0
9/15/2022;675;92242;1484;94401;0;0
9/16/2022;675;92242;1484;94401;0;0
9/17/2022;601;92518;1484;94603;276;0
9/18/2022;558;92611;1484;94653;93;0
9/19/2022;558;92611;1484;94653;0;0
9/20/2022;558;92729;1484;94771;118;0
9/21/2022;601;92766;1484;94851;37;0
9/22/2022;584;92844;1484;94912;78;0
9/23/2022;552;92936;1484;94972;92;0
9/24/2022;552;92936;1484;94972;0;0
9/25/2022;529;93073;1484;95086;137;0
9/26/2022;507;93129;1484;95120;56;0
9/27/2022;502;93182;1484;95168;53;0
9/28/2022;502;93182;1484;95168;0;0
9/29/2022;498;93295;1484;95277;113;0
9/30/2022;475;93377;1484;95336;82;0
10/01/2022;461;93445;1484;95390;68;0
10/02/2022;424;93507;1484;95415;62;0
10/03/2022;424;93507;1484;95415;0;0
10/04/2022;391;93619;1484;95494;112;0
10/05/2022;416;93639;1484;95539;20;0
10/06/2022;409;93699;1484;95592;60;0
10/07/2022;409;93699;1484;95592;0;0
10/08/2022;382;93806;1484;95672;107;0
10/09/2022;349;93857;1484;95690;51;0
10/10/2022;327;93914;1484;95725;57;0
10/11/2022;354;93957;1484;95795;43;0
10/12/2022;354;93957;1484;95795;0;0
10/13/2022;373;94039;1484;95896;82;0
10/14/2022;363;94075;1484;95922;36;0
10/15/2022;363;94124;1484;95971;49;0
10/16/2022;363;94124;1484;95971;0;0
10/17/2022;381;94173;1484;96038;49;0
10/18/2022;370;94229;1484;96083;56;0
10/19/2022;402;94255;1484;96141;26;0
10/20/2022;419;94318;1484;96221;63;0
10/21/2022;419;94318;1484;96221;0;0
10/22/2022;407;94416;1484;96307;98;0
10/23/2022;414;94450;1484;96348;34;0
10/24/2022;421;94494;1484;96399;44;0
10/25/2022;421;94494;1484;96399;0;0
10/26/2022;524;94554;1484;96562;60;0
10/27/2022;529;94616;1484;96629;62;0
10/28/2022;524;94677;1484;96685;61;0
10/29/2022;524;94677;1484;96685;0;0
10/30/2022;564;94754;1484;96802;77;0
10/31/2022;576;94803;1484;96863;49;0
11/01/2022;625;94844;1484;96953;41;0
11/02/2022;688;94892;1484;97064;48;0
11/03/2022;688;94892;1484;97064;0;0
11/04/2022;801;95002;1484;97287;110;0
11/05/2022;821;95081;1484;97386;79;0
11/06/2022;822;95159;1484;97465;78;0
11/07/2022;822;95159;1484;97465;0;0
11/08/2022;828;95336;1484;97648;177;0
11/09/2022;879;95386;1484;97749;50;0
11/10/2022;912;95500;1484;97896;114;0
11/11/2022;934;95603;1484;98021;103;0
11/12/2022;934;95603;1484;98021;0;0
11/13/2022;924;95845;1484;98253;242;0
11/14/2022;929;95947;1484;98360;102;0
11/15/2022;929;95947;1484;98360;0;0
11/16/2022;1124;96118;1484;98726;171;0
11/17/2022;1124;96118;1484;98726;0;0
11/18/2022;1245;96363;1484;99092;245;0
11/19/2022;1243;96504;1484;99231;141;0
11/20/2022;1243;96597;1484;99324;93;0
11/21/2022;1224;96722;1484;99430;125;0
11/22/2022;1224;96722;1484;99430;0;0
11/23/2022;1444;96901;1484;99829;179;0
11/24/2022;1467;97089;1484;100040;188;0
11/25/2022;1505;97267;1484;100256;178;0
11/26/2022;1505;97267;1484;100256;0;0
11/27/2022;1348;97654;1485;100487;387;1
11/28/2022;1353;97799;1485;100637;145;0
11/29/2022;1370;97918;1485;100773;119;0
11/30/2022;1370;97918;1485;100773;0;0
12/01/2022;1413;98226;1485;101124;308;0
12/02/2022;1413;98407;1485;101305;181;0
12/03/2022;1413;98407;1485;101305;0;0
12/04/2022;1176;98842;1485;101503;435;0
12/05/2022;1176;98842;1485;101503;0;0
12/06/2022;1179;99101;1485;101765;259;0
12/07/2022;1184;99199;1485;101868;98;0
12/08/2022;1160;99376;1485;102021;177;0
12/09/2022;1160;99376;1485;102021;0;0
12/10/2022;1160;99376;1485;102021;0;0
12/11/2022;955;99832;1485;102272;456;0
12/12/2022;859;100002;1485;102346;170;0
12/13/2022;839;100108;1485;102432;106;0
12/14/2022;839;100108;1485;102432;0;0
12/15/2022;819;100323;1485;102627;215;0
12/16/2022;763;100439;1485;102687;116;0
12/17/2022;675;100580;1485;102740;141;0
12/18/2022;675;100580;1485;102740;0;0
12/19/2022;587;100768;1485;102840;188;0
12/20/2022;563;100847;1485;102895;79;0
12/21/2022;567;100884;1485;102936;37;0
12/22/2022;503;100998;1485;102986;114;0
12/23/2022;503;100998;1485;102986;0;0
12/24/2022;503;100998;1485;102986;0;0
12/25/2022;398;101230;1485;103113;232;0
12/26/2022;359;101299;1485;103143;69;0
12/27/2022;365;101346;1485;103196;47;0
12/28/2022;365;101346;1485;103196;0;0
12/29/2022;405;101372;1485;103262;26;0
12/30/2022;330;101474;1485;103289;102;0
12/31/2022;293;101524;1485;103302;50;0
01/01/2023;259;101571;1485;103315;47;0
01/02/2023;259;101571;1485;103315;0;0
01/03/2023;237;101638;1485;103360;67;0
01/04/2023;251;101658;1485;103394;20;0
01/05/2023;219;101708;1485;103412;50;0
01/06/2023;219;101708;1485;103412;0;0
01/07/2023;191;101782;1485;103458;74;0
01/08/2023;191;101782;1485;103458;0;0
01/09/2023;218;101782;1485;103485;0;0
01/10/2023;218;101782;1485;103485;0;0
01/11/2023;206;101834;1485;103525;52;0
01/12/2023;205;101850;1485;103540;16;0
1/13/2023;198;101877;1485;103560;27;0
1/14/2023;174;101915;1485;103574;38;0
1/15/2023;174;101915;1485;103574;0;0
1/16/2023;174;101915;1485;103574;0;0
1/17/2023;136;101992;1485;103613;77;0
1/18/2023;141;102001;1485;103627;9;0
1/19/2023;138;102021;1485;103644;20;0
1/20/2023;138;102021;1485;103644;0;0
1/21/2023;120;102062;1485;103667;41;0
1/22/2023;120;102062;1485;103667;0;0
1/23/2023;105;102093;1485;103683;31;0
1/24/2023;102;102108;1485;103695;15;0
1/25/2023;115;102115;1485;103715;7;0
1/26/2023;115;102115;1485;103715;0;0
1/27/2023;104;102146;1485;103735;31;0
1/28/2023;104;102146;1485;103735;0;0
1/29/2023;83;102179;1485;103747;33;0
1/30/2023;83;102188;1485;103756;9;0
1/31/2023;83;102188;1485;103756;0;0
02/01/2023;69;102218;1485;103772;30;0
02/02/2023;62;102235;1485;103782;17;0
02/03/2023;71;102235;1485;103791;0;0
02/04/2023;71;102235;1485;103791;0;0
02/05/2023;69;102253;1485;103807;18;0
02/06/2023;69;102253;1485;103807;0;0
02/07/2023;69;102271;1485;103825;18;0
02/08/2023;75;102274;1485;103834;3;0
02/09/2023;76;102280;1485;103841;6;0
02/10/2023;76;102280;1485;103841;0;0
02/11/2023;76;102296;1486;103858;16;1
02/12/2023;78;102304;1486;103868;8;0
2/13/2023;79;102311;1486;103876;7;0
2/14/2023;73;102322;1486;103881;11;0
2/15/2023;73;102322;1486;103881;0;0
2/16/2023;71;102345;1486;103902;23;0
2/17/2023;69;102353;1486;103908;8;0
2/18/2023;69;102362;1486;103917;9;0
2/19/2023;69;102362;1486;103917;0;0
2/20/2023;65;102377;1486;103928;15;0
2/21/2023;65;102377;1486;103928;0;0
2/22/2023;75;102384;1486;103945;7;0
2/23/2023;75;102384;1486;103945;0;0
2/24/2023;65;102410;1486;103961;26;0
2/25/2023;75;102410;1486;103971;0;0
2/26/2023;68;102422;1486;103976;12;0
2/27/2023;68;102422;1486;103976;0;0
2/28/2023;68;102422;1486;103976;0;0
03/01/2023;77;102444;1486;104007;22;0
03/02/2023;82;102452;1486;104020;8;0
03/03/2023;82;102452;1486;104020;0;0
03/04/2023;78;102471;1486;104035;19;0
03/05/2023;78;102471;1486;104035;0;0
03/06/2023;78;102471;1486;104035;0;0
03/07/2023;76;102478;1486;104040;7;0
03/08/2023;81;102491;1486;104058;13;0
03/09/2023;87;102496;1486;104069;5;0
03/10/2023;87;102496;1486;104069;0;0
03/11/2023;79;102528;1486;104093;32;0
03/12/2023;79;102528;1486;104093;0;0
3/13/2023;65;102553;1486;104104;25;0
3/14/2023;74;102560;1486;104120;7;0
3/15/2023;79;102563;1486;104128;3;0
3/16/2023;79;102563;1486;104128;0;0
3/17/2023;79;102563;1486;104128;0;0
3/18/2023;79;102563;1486;104128;0;0
3/19/2023;88;102598;1486;104172;35;0
3/20/2023;88;102598;1486;104172;0;0
3/21/2023;90;102617;1486;104193;19;0
3/22/2023;90;102617;1486;104193;0;0
3/23/2023;90;102635;1486;104211;18;0
3/24/2023;90;102635;1486;104211;0;0
3/25/2023;90;102635;1486;104211;0;0
3/26/2023;96;102674;1486;104256;39;0
3/27/2023;96;102674;1486;104256;0;0
3/28/2023;106;102691;1486;104283;17;0
3/29/2023;113;102697;1486;104296;6;0
3/30/2023;108;102711;1486;104305;14;0
3/31/2023;108;102711;1486;104305;0;0
04/01/2023;108;102711;1486;104305;0;0
04/02/2023;108;102711;1486;104305;0;0
04/03/2023;125;102739;1486;104350;28;0
04/04/2023;122;102757;1486;104365;18;0
04/05/2023;122;102778;1486;104386;21;0
04/06/2023;122;102778;1486;104386;0;0
04/07/2023;122;102778;1486;104386;0;0
04/08/2023;131;102810;1486;104427;32;0
04/09/2023;133;102824;1486;104443;14;0
04/10/2023;138;102832;1486;104456;8;0
04/11/2023;150;102847;1486;104483;15;0
04/12/2023;150;102847;1486;104483;0;0
4/13/2023;150;102847;1486;104483;0;0
4/14/2023;150;102847;1486;104483;0;0
4/15/2023;168;102917;1486;104571;70;0
4/16/2023;179;102932;1486;104597;15;0
4/17/2023;179;102932;1486;104597;0;0
4/18/2023;196;102959;1486;104641;27;0
4/19/2023;196;102959;1486;104641;0;0
4/20/2023;196;102959;1486;104641;0;0
4/21/2023;196;102959;1486;104641;0;0
4/22/2023;196;102959;1486;104641;0;0
4/23/2023;196;102959;1486;104641;0;0
4/24/2023;196;102959;1486;104641;0;0
4/25/2023;222;103112;1487;104821;153;1
4/26/2023;238;103132;1487;104857;20;0
4/27/2023;274;103156;1487;104917;24;0
4/28/2023;284;103186;1487;104957;30;0
4/29/2023;284;103186;1487;104957;0;0
4/30/2023;284;103186;1487;104957;0;0
05/01/2023;284;103186;1487;104957;0;0
05/02/2023;361;103282;1488;105131;96;1
05/03/2023;361;103282;1488;105131;0;0
05/04/2023;471;103334;1488;105293;52;0
05/05/2023;471;103334;1488;105293;0;0
05/06/2023;471;103334;1488;105293;0;0
05/07/2023;491;103481;1488;105460;147;0
05/08/2023;491;103481;1488;105460;0;0
05/09/2023;483;103577;1488;105548;96;0
05/10/2023;492;103609;1489;105590;32;1
05/11/2023;516;103633;1489;105638;24;0
05/12/2023;426;103767;1489;105682;134;0
5/13/2023;389;103826;1489;105704;59;0
5/14/2023;340;103890;1489;105719;64;0
5/15/2023;311;103943;1489;105743;53;0
5/16/2023;286;103987;1489;105762;44;0
5/17/2023;289;104008;1489;105786;21;0
5/18/2023;253;104066;1489;105808;58;0
5/19/2023;215;104112;1489;105816;46;0
5/20/2023;192;104153;1489;105834;41;0
5/21/2023;169;104196;1489;105854;43;0
5/22/2023;169;104196;1489;105854;0;0
5/23/2023;177;104239;1489;105905;43;0
5/24/2023;177;104239;1489;105905;0;0
5/25/2023;177;104239;1489;105905;0;0
5/26/2023;177;104239;1489;105905;0;0
5/27/2023;177;104239;1489;105905;0;0
5/28/2023;177;104239;1489;105905;0;0
5/29/2023;173;104352;1489;106014;113;0
5/30/2023;168;104377;1489;106034;25;0
5/31/2023;166;104386;1489;106041;9;0
06/01/2023;144;104418;1489;106051;32;0
06/02/2023;118;104451;1489;106058;33;0
06/03/2023;109;104470;1489;106068;19;0
06/04/2023;99;104490;1489;106078;20;0
06/05/2023;96;104502;1489;106087;12;0
06/06/2023;96;104502;1489;106087;0;0
06/07/2023;84;104528;1489;106101;26;0
06/08/2023;75;104543;1489;106107;15;0
06/09/2023;75;104543;1489;106107;0;0
06/10/2023;75;104543;1489;106107;0;0
06/11/2023;71;104564;1489;106124;21;0
06/12/2023;69;104569;1489;106127;5;0
6/13/2023;69;104569;1489;106127;0;0
6/14/2023;58;104592;1489;106139;23;0
6/15/2023;58;104592;1489;106139;0;0
6/16/2023;51;104608;1489;106148;16;0
6/17/2023;51;104608;1489;106148;0;0
6/18/2023;41;104619;1489;106149;11;0
6/19/2023;32;104632;1489;106153;13;0
6/20/2023;29;104638;1489;106156;6;0
